Call Center;Group;Operator_name;Month;contacts_per_hour;csat_percent;fcr_percent;qc_score
КЦ 1;Группа 1;Operator_001;Месяц 1;12.5;50.8;77.8;72.8
КЦ 1;Группа 1;Operator_002;Месяц 1;9.8;67.7;83.1;65.2
КЦ 1;Группа 1;Operator_003;Месяц 1;11.8;79.2;78.8;84.3
КЦ 1;Группа 1;Operator_004;Месяц 1;10.1;60.9;78.7;72.3
КЦ 1;Группа 1;Operator_005;Месяц 1;13.6;73.3;77.3;66.1
КЦ 1;Группа 1;Operator_006;Месяц 1;13.8;57.9;80.8;96.4
КЦ 1;Группа 1;Operator_007;Месяц 1;14;65.9;84.7;95.1
КЦ 1;Группа 1;Operator_008;Месяц 1;8.1;55.4;84.1;95.5
КЦ 1;Группа 1;Operator_009;Месяц 1;8.4;74.9;78.1;67.0
КЦ 1;Группа 1;Operator_010;Месяц 1;14.9;56.4;80.4;90.5
КЦ 1;Группа 1;Operator_011;Месяц 1;11.8;68.9;77.3;96.7
КЦ 1;Группа 1;Operator_012;Месяц 1;7.6;62.9;79.2;81.3
КЦ 1;Группа 1;Operator_013;Месяц 1;11.5;77.7;79.4;95.1
КЦ 1;Группа 1;Operator_014;Месяц 1;12.3;79.6;77.7;92.4
КЦ 1;Группа 1;Operator_015;Месяц 1;14;67.5;80.0;94.8
КЦ 1;Группа 1;Operator_016;Месяц 1;9.2;67.5;80.2;97.7
КЦ 1;Группа 2;Operator_017;Месяц 1;14.7;56.4;77.7;97.7
КЦ 1;Группа 2;Operator_018;Месяц 1;10.7;78.2;76.3;69.0
КЦ 1;Группа 2;Operator_019;Месяц 1;10.6;58.3;75.0;92.0
КЦ 1;Группа 2;Operator_020;Месяц 1;11.3;53.8;78.1;96.5
КЦ 1;Группа 2;Operator_021;Месяц 1;10;79.3;83.1;95.8
КЦ 1;Группа 2;Operator_022;Месяц 1;10.2;74.5;79.6;75.7
КЦ 1;Группа 2;Operator_023;Месяц 1;12.3;53.5;84.7;71.2
КЦ 1;Группа 2;Operator_024;Месяц 1;6.7;77.8;80.4;90.2
КЦ 1;Группа 2;Operator_025;Месяц 1;9;58.9;76.3;79.7
КЦ 1;Группа 2;Operator_026;Месяц 1;11.5;56.4;79.7;96.5
КЦ 1;Группа 2;Operator_027;Месяц 1;11.8;64.3;83.5;67.5
КЦ 1;Группа 2;Operator_028;Месяц 1;8.4;78.7;80.2;66.8
КЦ 1;Группа 2;Operator_029;Месяц 1;8.3;66.4;84.0;91.0
КЦ 1;Группа 2;Operator_030;Месяц 1;10.2;54.2;77.3;89.3
КЦ 1;Группа 2;Operator_031;Месяц 1;14.4;50.2;78.5;91.4
КЦ 1;Группа 2;Operator_032;Месяц 1;14.6;55.0;79.7;69.5
КЦ 1;Группа 2;Operator_033;Месяц 1;12;61.4;82.5;94.1
КЦ 2;Группа 3;Operator_034;Месяц 1;11.9;54.6;76.3;88.4
КЦ 2;Группа 3;Operator_035;Месяц 1;10.5;70.3;84.6;78.9
КЦ 2;Группа 3;Operator_036;Месяц 1;7.5;61.1;80.1;76.9
КЦ 2;Группа 3;Operator_037;Месяц 1;11.6;64.5;79.4;90.6
КЦ 2;Группа 3;Operator_038;Месяц 1;11.8;73.9;78.4;95.8
КЦ 2;Группа 3;Operator_039;Месяц 1;11.4;56.6;81.9;75.7
КЦ 2;Группа 3;Operator_040;Месяц 1;12.8;72.9;76.9;72.6
КЦ 2;Группа 3;Operator_041;Месяц 1;13.6;66.6;82.0;69.4
КЦ 2;Группа 3;Operator_042;Месяц 1;13.2;68.9;75.5;70.2
КЦ 2;Группа 3;Operator_043;Месяц 1;9;59.2;81.2;86.3
КЦ 2;Группа 3;Operator_044;Месяц 1;8.9;71.2;82.0;80.9
КЦ 2;Группа 4;Operator_045;Месяц 1;8.2;59.2;82.5;84.9
КЦ 2;Группа 4;Operator_046;Месяц 1;11.9;78.9;83.4;85.1
КЦ 2;Группа 4;Operator_047;Месяц 1;8.7;52.7;78.5;76.7
КЦ 2;Группа 4;Operator_048;Месяц 1;14.2;65.4;84.9;88.0
КЦ 2;Группа 4;Operator_049;Месяц 1;12.5;79.2;81.1;73.4
КЦ 2;Группа 4;Operator_050;Месяц 1;9.1;75.0;84.8;73.5
КЦ 2;Группа 4;Operator_051;Месяц 1;10.8;59.0;80.9;100.0
КЦ 2;Группа 4;Operator_052;Месяц 1;14;51.3;82.4;89.7
КЦ 2;Группа 4;Operator_053;Месяц 1;7.8;63.7;82.2;79.3
КЦ 2;Группа 4;Operator_054;Месяц 1;11.3;72.8;83.7;66.3
КЦ 2;Группа 4;Operator_055;Месяц 1;7.2;73.9;77.9;78.1
КЦ 2;Группа 5;Operator_056;Месяц 1;13.9;57.7;75.1;93.2
КЦ 2;Группа 5;Operator_057;Месяц 1;9.7;57.1;80.7;85.1
КЦ 2;Группа 5;Operator_058;Месяц 1;14.3;74.0;81.1;77.3
КЦ 2;Группа 5;Operator_059;Месяц 1;13.9;52.7;78.0;91.2
КЦ 2;Группа 5;Operator_060;Месяц 1;12.9;53.5;84.6;69.9
КЦ 2;Группа 5;Operator_061;Месяц 1;6.9;67.5;83.2;97.9
КЦ 2;Группа 5;Operator_062;Месяц 1;9.5;78.4;78.0;82.2
КЦ 2;Группа 5;Operator_063;Месяц 1;13.6;62.2;84.5;66.1
КЦ 2;Группа 5;Operator_064;Месяц 1;14.4;63.6;81.6;87.5
КЦ 2;Группа 5;Operator_065;Месяц 1;13.9;77.0;75.0;95.0
КЦ 2;Группа 5;Operator_066;Месяц 1;13;65.8;82.5;81.7
КЦ 3;Группа 6;Operator_067;Месяц 1;7.4;62.0;81.9;82.2
КЦ 3;Группа 6;Operator_068;Месяц 1;9.3;53.0;82.0;94.8
КЦ 3;Группа 6;Operator_069;Месяц 1;12.2;54.6;84.2;67.3
КЦ 3;Группа 6;Operator_070;Месяц 1;14.4;76.0;82.2;98.9
КЦ 3;Группа 6;Operator_071;Месяц 1;13.9;79.2;83.2;86.5
КЦ 3;Группа 6;Operator_072;Месяц 1;8.7;54.3;81.3;66.1
КЦ 3;Группа 6;Operator_073;Месяц 1;8.9;58.2;81.6;82.0
КЦ 3;Группа 6;Operator_074;Месяц 1;11;59.0;77.1;69.8
КЦ 3;Группа 6;Operator_075;Месяц 1;11;50.6;84.2;95.2
КЦ 3;Группа 6;Operator_076;Месяц 1;10.1;57.3;80.9;83.3
КЦ 3;Группа 6;Operator_077;Месяц 1;9.9;57.1;76.5;71.9
КЦ 3;Группа 6;Operator_078;Месяц 1;13.6;75.9;81.3;70.3
КЦ 3;Группа 6;Operator_079;Месяц 1;13.2;68.5;80.1;81.2
КЦ 3;Группа 6;Operator_080;Месяц 1;11.8;71.4;80.0;71.0
КЦ 3;Группа 6;Operator_081;Месяц 1;11.3;52.8;81.8;74.9
КЦ 3;Группа 6;Operator_082;Месяц 1;11.2;59.3;78.8;92.7
КЦ 3;Группа 7;Operator_083;Месяц 1;9.3;64.6;77.3;69.8
КЦ 3;Группа 7;Operator_084;Месяц 1;15;73.1;83.1;70.8
КЦ 3;Группа 7;Operator_085;Месяц 1;7.2;61.0;84.5;99.5
КЦ 3;Группа 7;Operator_086;Месяц 1;12.6;75.4;83.5;75.0
КЦ 3;Группа 7;Operator_087;Месяц 1;13.7;79.8;78.7;66.0
КЦ 3;Группа 7;Operator_088;Месяц 1;7.9;57.7;83.3;84.2
КЦ 3;Группа 7;Operator_089;Месяц 1;8.7;65.5;77.4;70.0
КЦ 3;Группа 7;Operator_090;Месяц 1;11.2;64.1;81.4;99.3
КЦ 3;Группа 7;Operator_091;Месяц 1;10.7;73.4;79.6;89.3
КЦ 3;Группа 7;Operator_092;Месяц 1;9.4;57.6;82.5;71.7
КЦ 3;Группа 7;Operator_093;Месяц 1;10.1;77.7;80.2;93.0
КЦ 3;Группа 7;Operator_094;Месяц 1;14.1;51.3;83.7;77.3
КЦ 3;Группа 7;Operator_095;Месяц 1;11.9;51.0;75.7;92.2
КЦ 3;Группа 7;Operator_096;Месяц 1;8.7;53.4;82.4;82.5
КЦ 3;Группа 7;Operator_097;Месяц 1;13.1;63.4;75.9;88.9
КЦ 3;Группа 7;Operator_098;Месяц 1;13.6;56.0;76.4;92.7
КЦ 3;Группа 7;Operator_099;Месяц 1;8.2;52.2;84.7;87.5
КЦ 3;Группа 7;Operator_100;Месяц 1;11.6;54.9;78.2;89.8
КЦ 1;Группа 1;Operator_001;Месяц 2;8;70.3;83.9;68.0
КЦ 1;Группа 1;Operator_002;Месяц 2;13.8;70.9;78.4;70.4
КЦ 1;Группа 1;Operator_003;Месяц 2;14.6;68.6;83.6;85.2
КЦ 1;Группа 1;Operator_004;Месяц 2;11.4;78.1;81.5;86.3
КЦ 1;Группа 1;Operator_005;Месяц 2;12.3;58.0;77.1;98.0
КЦ 1;Группа 1;Operator_006;Месяц 2;7.9;56.6;85.0;82.8
КЦ 1;Группа 1;Operator_007;Месяц 2;7.9;71.6;81.8;83.8
КЦ 1;Группа 1;Operator_008;Месяц 2;7.9;69.2;81.1;70.3
КЦ 1;Группа 1;Operator_009;Месяц 2;12.7;78.4;75.9;82.0
КЦ 1;Группа 1;Operator_010;Месяц 2;10;59.4;85.0;87.7
КЦ 1;Группа 1;Operator_011;Месяц 2;12.4;52.1;77.4;88.4
КЦ 1;Группа 1;Operator_012;Месяц 2;11.9;70.2;84.8;68.4
КЦ 1;Группа 1;Operator_013;Месяц 2;7.9;51.5;85.0;94.3
КЦ 1;Группа 1;Operator_014;Месяц 2;13.9;62.7;84.6;99.8
КЦ 1;Группа 1;Operator_015;Месяц 2;12.5;78.8;75.8;71.5
КЦ 1;Группа 1;Operator_016;Месяц 2;12.5;71.5;77.4;78.9
КЦ 1;Группа 2;Operator_017;Месяц 2;8.8;76.4;78.7;70.5
КЦ 1;Группа 2;Operator_018;Месяц 2;11.9;66.6;77.7;86.2
КЦ 1;Группа 2;Operator_019;Месяц 2;7.9;57.9;82.4;84.3
КЦ 1;Группа 2;Operator_020;Месяц 2;8.1;75.8;84.0;72.4
КЦ 1;Группа 2;Operator_021;Месяц 2;10.1;72.1;78.3;97.6
КЦ 1;Группа 2;Operator_022;Месяц 2;12.8;56.8;75.2;71.8
КЦ 1;Группа 2;Operator_023;Месяц 2;12.8;58.0;76.1;80.2
КЦ 1;Группа 2;Operator_024;Месяц 2;10.2;70.1;78.6;67.4
КЦ 1;Группа 2;Operator_025;Месяц 2;8;70.3;84.0;86.5
КЦ 1;Группа 2;Operator_026;Месяц 2;6.9;55.1;75.8;83.0
КЦ 1;Группа 2;Operator_027;Месяц 2;9.4;68.9;76.9;89.4
КЦ 1;Группа 2;Operator_028;Месяц 2;12.2;75.5;79.6;93.0
КЦ 1;Группа 2;Operator_029;Месяц 2;12.3;57.8;77.5;87.3
КЦ 1;Группа 2;Operator_030;Месяц 2;8.6;51.9;79.1;84.0
КЦ 1;Группа 2;Operator_031;Месяц 2;6.8;78.6;79.2;91.2
КЦ 1;Группа 2;Operator_032;Месяц 2;11.9;50.8;78.9;84.8
КЦ 1;Группа 2;Operator_033;Месяц 2;8.7;52.5;75.2;83.9
КЦ 2;Группа 3;Operator_034;Месяц 2;7.3;56.5;82.0;91.8
КЦ 2;Группа 3;Operator_035;Месяц 2;11.1;52.3;81.9;87.0
КЦ 2;Группа 3;Operator_036;Месяц 2;12.4;74.7;76.1;98.6
КЦ 2;Группа 3;Operator_037;Месяц 2;7;75.6;83.3;68.0
КЦ 2;Группа 3;Operator_038;Месяц 2;11.8;58.3;75.1;98.2
КЦ 2;Группа 3;Operator_039;Месяц 2;13.1;64.2;80.3;79.9
КЦ 2;Группа 3;Operator_040;Месяц 2;11.5;71.7;84.8;83.4
КЦ 2;Группа 3;Operator_041;Месяц 2;11.1;64.7;83.7;85.1
КЦ 2;Группа 3;Operator_042;Месяц 2;12;59.1;84.9;69.1
КЦ 2;Группа 3;Operator_043;Месяц 2;10.5;78.4;77.1;72.4
КЦ 2;Группа 3;Operator_044;Месяц 2;13.6;77.7;82.9;86.9
КЦ 2;Группа 4;Operator_045;Месяц 2;12.9;53.7;81.9;89.5
КЦ 2;Группа 4;Operator_046;Месяц 2;11;80.0;81.7;74.4
КЦ 2;Группа 4;Operator_047;Месяц 2;10.8;75.7;78.3;89.3
КЦ 2;Группа 4;Operator_048;Месяц 2;10.2;62.4;76.9;77.7
КЦ 2;Группа 4;Operator_049;Месяц 2;12.2;66.5;80.5;68.3
КЦ 2;Группа 4;Operator_050;Месяц 2;12.9;61.5;84.2;82.8
КЦ 2;Группа 4;Operator_051;Месяц 2;14;54.5;80.4;77.1
КЦ 2;Группа 4;Operator_052;Месяц 2;11.3;61.6;81.6;93.7
КЦ 2;Группа 4;Operator_053;Месяц 2;7;54.6;79.7;98.9
КЦ 2;Группа 4;Operator_054;Месяц 2;12.3;68.9;84.2;99.9
КЦ 2;Группа 4;Operator_055;Месяц 2;7.8;65.9;80.7;92.7
КЦ 2;Группа 5;Operator_056;Месяц 2;10.7;70.3;76.6;80.5
КЦ 2;Группа 5;Operator_057;Месяц 2;14.7;58.9;84.8;88.0
КЦ 2;Группа 5;Operator_058;Месяц 2;9.9;68.6;81.8;90.2
КЦ 2;Группа 5;Operator_059;Месяц 2;14.2;54.0;80.4;99.0
КЦ 2;Группа 5;Operator_060;Месяц 2;14.3;75.8;82.2;99.3
КЦ 2;Группа 5;Operator_061;Месяц 2;7.4;57.0;75.3;95.9
КЦ 2;Группа 5;Operator_062;Месяц 2;9.4;76.6;76.4;80.9
КЦ 2;Группа 5;Operator_063;Месяц 2;11.9;63.3;84.5;94.9
КЦ 2;Группа 5;Operator_064;Месяц 2;12.7;50.6;82.9;73.5
КЦ 2;Группа 5;Operator_065;Месяц 2;14;53.9;77.5;71.1
КЦ 2;Группа 5;Operator_066;Месяц 2;9.6;65.4;76.1;82.6
КЦ 3;Группа 6;Operator_067;Месяц 2;6.7;52.2;75.8;86.3
КЦ 3;Группа 6;Operator_068;Месяц 2;13.7;73.1;82.2;72.5
КЦ 3;Группа 6;Operator_069;Месяц 2;7.8;52.8;76.0;90.9
КЦ 3;Группа 6;Operator_070;Месяц 2;8.3;60.5;80.8;72.4
КЦ 3;Группа 6;Operator_071;Месяц 2;12.2;50.8;84.3;94.0
КЦ 3;Группа 6;Operator_072;Месяц 2;11.2;56.5;79.2;76.9
КЦ 3;Группа 6;Operator_073;Месяц 2;9.2;58.2;82.5;69.0
КЦ 3;Группа 6;Operator_074;Месяц 2;11;59.8;75.1;91.1
КЦ 3;Группа 6;Operator_075;Месяц 2;8.7;67.2;82.1;79.6
КЦ 3;Группа 6;Operator_076;Месяц 2;12.2;59.3;78.4;76.7
КЦ 3;Группа 6;Operator_077;Месяц 2;8.7;72.8;81.6;71.2
КЦ 3;Группа 6;Operator_078;Месяц 2;12.9;63.3;78.0;74.6
КЦ 3;Группа 6;Operator_079;Месяц 2;12.2;73.8;84.0;80.7
КЦ 3;Группа 6;Operator_080;Месяц 2;13.1;63.1;79.4;83.3
КЦ 3;Группа 6;Operator_081;Месяц 2;9.1;69.7;84.1;95.6
КЦ 3;Группа 6;Operator_082;Месяц 2;8.4;70.1;83.3;90.9
КЦ 3;Группа 7;Operator_083;Месяц 2;6.7;75.3;76.0;92.0
КЦ 3;Группа 7;Operator_084;Месяц 2;14.2;62.3;81.8;73.3
КЦ 3;Группа 7;Operator_085;Месяц 2;9.6;58.5;78.8;83.5
КЦ 3;Группа 7;Operator_086;Месяц 2;12;58.2;84.1;70.2
КЦ 3;Группа 7;Operator_087;Месяц 2;10;75.2;81.5;92.7
КЦ 3;Группа 7;Operator_088;Месяц 2;7.1;65.8;76.1;75.1
КЦ 3;Группа 7;Operator_089;Месяц 2;14.5;68.4;77.4;79.6
КЦ 3;Группа 7;Operator_090;Месяц 2;7.9;50.5;82.9;77.1
КЦ 3;Группа 7;Operator_091;Месяц 2;14.1;74.3;75.6;92.2
КЦ 3;Группа 7;Operator_092;Месяц 2;10.7;73.4;83.7;76.6
КЦ 3;Группа 7;Operator_093;Месяц 2;11.2;52.4;81.0;93.8
КЦ 3;Группа 7;Operator_094;Месяц 2;6.9;58.2;84.8;98.2
КЦ 3;Группа 7;Operator_095;Месяц 2;11.9;61.5;80.7;86.2
КЦ 3;Группа 7;Operator_096;Месяц 2;10.3;66.9;77.6;74.1
КЦ 3;Группа 7;Operator_097;Месяц 2;10.9;59.6;78.5;67.3
КЦ 3;Группа 7;Operator_098;Месяц 2;9.6;66.6;78.7;93.1
КЦ 3;Группа 7;Operator_099;Месяц 2;10.4;70.4;78.4;95.7
КЦ 3;Группа 7;Operator_100;Месяц 2;7.2;78.2;83.9;94.6
КЦ 1;Группа 1;Operator_001;Месяц 3;9.4;50.9;77.2;82.7
КЦ 1;Группа 1;Operator_002;Месяц 3;10.6;60.1;75.9;68.4
КЦ 1;Группа 1;Operator_003;Месяц 3;14.8;51.4;77.3;75.1
КЦ 1;Группа 1;Operator_004;Месяц 3;13.8;71.9;76.6;78.3
КЦ 1;Группа 1;Operator_005;Месяц 3;13;59.4;81.6;78.8
КЦ 1;Группа 1;Operator_006;Месяц 3;13;51.4;76.1;87.0
КЦ 1;Группа 1;Operator_007;Месяц 3;11.5;69.2;76.1;80.2
КЦ 1;Группа 1;Operator_008;Месяц 3;12.5;66.2;82.8;83.6
КЦ 1;Группа 1;Operator_009;Месяц 3;11.5;72.8;82.7;69.5
КЦ 1;Группа 1;Operator_010;Месяц 3;11;65.5;76.2;72.9
КЦ 1;Группа 1;Operator_011;Месяц 3;11.3;54.0;84.4;85.0
КЦ 1;Группа 1;Operator_012;Месяц 3;6.9;60.2;83.6;73.7
КЦ 1;Группа 1;Operator_013;Месяц 3;14.9;77.8;83.5;70.8
КЦ 1;Группа 1;Operator_014;Месяц 3;12.6;71.6;76.5;75.4
КЦ 1;Группа 1;Operator_015;Месяц 3;9.3;70.3;77.4;69.2
КЦ 1;Группа 1;Operator_016;Месяц 3;14.6;59.0;78.2;91.3
КЦ 1;Группа 2;Operator_017;Месяц 3;11.3;71.1;81.1;99.6
КЦ 1;Группа 2;Operator_018;Месяц 3;8.6;56.1;81.3;74.2
КЦ 1;Группа 2;Operator_019;Месяц 3;8.4;50.3;75.8;95.9
КЦ 1;Группа 2;Operator_020;Месяц 3;9.5;53.1;82.8;95.9
КЦ 1;Группа 2;Operator_021;Месяц 3;9.7;75.9;83.1;74.3
КЦ 1;Группа 2;Operator_022;Месяц 3;8.9;75.9;84.7;74.8
КЦ 1;Группа 2;Operator_023;Месяц 3;7.3;59.4;81.1;82.9
КЦ 1;Группа 2;Operator_024;Месяц 3;10.8;59.9;78.1;94.7
КЦ 1;Группа 2;Operator_025;Месяц 3;7.3;66.4;75.0;75.0
КЦ 1;Группа 2;Operator_026;Месяц 3;14.8;60.1;83.2;91.3
КЦ 1;Группа 2;Operator_027;Месяц 3;7;57.3;81.6;65.2
КЦ 1;Группа 2;Operator_028;Месяц 3;13.5;79.6;81.0;98.3
КЦ 1;Группа 2;Operator_029;Месяц 3;14;65.6;81.3;74.6
КЦ 1;Группа 2;Operator_030;Месяц 3;7.9;56.2;79.2;96.7
КЦ 1;Группа 2;Operator_031;Месяц 3;15;68.1;77.2;72.7
КЦ 1;Группа 2;Operator_032;Месяц 3;13.4;69.3;76.4;81.2
КЦ 1;Группа 2;Operator_033;Месяц 3;10.8;60.5;81.5;92.3
КЦ 2;Группа 3;Operator_034;Месяц 3;10.3;68.2;82.5;69.0
КЦ 2;Группа 3;Operator_035;Месяц 3;14.6;73.2;83.5;86.0
КЦ 2;Группа 3;Operator_036;Месяц 3;6.9;74.9;82.1;80.2
КЦ 2;Группа 3;Operator_037;Месяц 3;6.7;57.3;79.6;86.4
КЦ 2;Группа 3;Operator_038;Месяц 3;11.1;71.6;79.9;91.5
КЦ 2;Группа 3;Operator_039;Месяц 3;10;59.9;82.0;74.5
КЦ 2;Группа 3;Operator_040;Месяц 3;9.2;53.0;76.9;73.0
КЦ 2;Группа 3;Operator_041;Месяц 3;11.4;63.2;76.8;66.8
КЦ 2;Группа 3;Operator_042;Месяц 3;12.7;68.2;82.9;72.9
КЦ 2;Группа 3;Operator_043;Месяц 3;9.8;54.7;76.7;67.6
КЦ 2;Группа 3;Operator_044;Месяц 3;14.5;78.0;79.3;84.1
КЦ 2;Группа 4;Operator_045;Месяц 3;13.7;65.0;79.9;67.8
КЦ 2;Группа 4;Operator_046;Месяц 3;13.3;72.7;79.7;87.8
КЦ 2;Группа 4;Operator_047;Месяц 3;14.5;78.4;83.1;84.3
КЦ 2;Группа 4;Operator_048;Месяц 3;13.4;68.8;82.6;72.1
КЦ 2;Группа 4;Operator_049;Месяц 3;6.8;77.4;79.6;69.1
КЦ 2;Группа 4;Operator_050;Месяц 3;9.7;75.9;77.8;92.7
КЦ 2;Группа 4;Operator_051;Месяц 3;7.1;66.3;79.6;76.3
КЦ 2;Группа 4;Operator_052;Месяц 3;9.7;64.9;75.4;82.6
КЦ 2;Группа 4;Operator_053;Месяц 3;14.4;70.8;81.5;94.8
КЦ 2;Группа 4;Operator_054;Месяц 3;10.7;63.0;76.0;87.2
КЦ 2;Группа 4;Operator_055;Месяц 3;10.5;52.4;83.7;86.7
КЦ 2;Группа 5;Operator_056;Месяц 3;6.9;67.6;81.4;79.9
КЦ 2;Группа 5;Operator_057;Месяц 3;12.4;67.0;81.9;91.1
КЦ 2;Группа 5;Operator_058;Месяц 3;7.3;75.2;81.3;96.6
КЦ 2;Группа 5;Operator_059;Месяц 3;8.7;77.4;83.3;74.0
КЦ 2;Группа 5;Operator_060;Месяц 3;11;74.1;78.7;92.7
КЦ 2;Группа 5;Operator_061;Месяц 3;10.8;77.5;77.2;67.2
КЦ 2;Группа 5;Operator_062;Месяц 3;10.7;72.3;84.5;79.7
КЦ 2;Группа 5;Operator_063;Месяц 3;9;70.6;80.4;99.2
КЦ 2;Группа 5;Operator_064;Месяц 3;13.6;66.9;75.7;91.8
КЦ 2;Группа 5;Operator_065;Месяц 3;8.9;50.8;75.1;92.6
КЦ 2;Группа 5;Operator_066;Месяц 3;14;51.3;82.8;95.3
КЦ 3;Группа 6;Operator_067;Месяц 3;8.6;58.3;81.3;84.2
КЦ 3;Группа 6;Operator_068;Месяц 3;10;56.9;78.4;80.9
КЦ 3;Группа 6;Operator_069;Месяц 3;7.7;66.7;80.9;84.7
КЦ 3;Группа 6;Operator_070;Месяц 3;14.3;56.7;76.1;94.6
КЦ 3;Группа 6;Operator_071;Месяц 3;12.7;55.4;82.0;75.8
КЦ 3;Группа 6;Operator_072;Месяц 3;10.1;71.6;82.8;84.9
КЦ 3;Группа 6;Operator_073;Месяц 3;14.3;58.5;81.8;82.0
КЦ 3;Группа 6;Operator_074;Месяц 3;11.5;61.4;82.0;82.5
КЦ 3;Группа 6;Operator_075;Месяц 3;8.4;50.6;78.2;93.0
КЦ 3;Группа 6;Operator_076;Месяц 3;7.8;65.3;76.1;82.8
КЦ 3;Группа 6;Operator_077;Месяц 3;8.5;64.8;82.5;91.6
КЦ 3;Группа 6;Operator_078;Месяц 3;9.7;65.2;78.1;80.8
КЦ 3;Группа 6;Operator_079;Месяц 3;11.8;69.6;78.2;81.6
КЦ 3;Группа 6;Operator_080;Месяц 3;12.6;61.2;77.8;79.3
КЦ 3;Группа 6;Operator_081;Месяц 3;8.6;67.5;76.4;77.2
КЦ 3;Группа 6;Operator_082;Месяц 3;14.9;65.8;81.5;79.8
КЦ 3;Группа 7;Operator_083;Месяц 3;10.6;76.5;75.4;76.8
КЦ 3;Группа 7;Operator_084;Месяц 3;6.8;58.5;82.5;80.7
КЦ 3;Группа 7;Operator_085;Месяц 3;8.9;74.5;83.0;69.8
КЦ 3;Группа 7;Operator_086;Месяц 3;13.6;78.4;77.2;80.8
КЦ 3;Группа 7;Operator_087;Месяц 3;6.8;58.6;83.3;89.4
КЦ 3;Группа 7;Operator_088;Месяц 3;12.9;51.4;79.2;92.8
КЦ 3;Группа 7;Operator_089;Месяц 3;14.1;52.6;84.7;67.4
КЦ 3;Группа 7;Operator_090;Месяц 3;13.1;68.8;82.7;90.7
КЦ 3;Группа 7;Operator_091;Месяц 3;9;58.8;75.4;72.0
КЦ 3;Группа 7;Operator_092;Месяц 3;8.6;61.0;83.9;91.0
КЦ 3;Группа 7;Operator_093;Месяц 3;7.6;59.6;75.8;88.1
КЦ 3;Группа 7;Operator_094;Месяц 3;13.9;69.1;78.6;93.0
КЦ 3;Группа 7;Operator_095;Месяц 3;11.1;78.5;78.7;91.7
КЦ 3;Группа 7;Operator_096;Месяц 3;9;79.9;77.9;97.1
КЦ 3;Группа 7;Operator_097;Месяц 3;11;76.7;83.5;89.9
КЦ 3;Группа 7;Operator_098;Месяц 3;7.2;68.4;75.9;75.8
КЦ 3;Группа 7;Operator_099;Месяц 3;8.2;69.2;76.8;98.8
КЦ 3;Группа 7;Operator_100;Месяц 3;6.8;69.1;80.5;69.4
КЦ 1;Группа 1;Operator_001;Месяц 4;13.8;56.0;81.5;84.1
КЦ 1;Группа 1;Operator_002;Месяц 4;10.2;68.1;83.1;90.5
КЦ 1;Группа 1;Operator_003;Месяц 4;11.3;57.0;76.0;74.7
КЦ 1;Группа 1;Operator_004;Месяц 4;8.5;69.2;80.6;89.0
КЦ 1;Группа 1;Operator_005;Месяц 4;8.5;63.8;77.6;73.6
КЦ 1;Группа 1;Operator_006;Месяц 4;11.8;62.7;75.6;78.4
КЦ 1;Группа 1;Operator_007;Месяц 4;8;78.6;83.8;74.2
КЦ 1;Группа 1;Operator_008;Месяц 4;9.4;59.7;75.2;97.5
КЦ 1;Группа 1;Operator_009;Месяц 4;13.9;66.5;77.7;95.5
КЦ 1;Группа 1;Operator_010;Месяц 4;11.1;67.6;77.3;72.7
КЦ 1;Группа 1;Operator_011;Месяц 4;12.4;73.5;83.1;71.7
КЦ 1;Группа 1;Operator_012;Месяц 4;8.3;63.5;79.2;74.7
КЦ 1;Группа 1;Operator_013;Месяц 4;7;56.4;79.0;67.1
КЦ 1;Группа 1;Operator_014;Месяц 4;9.5;67.4;80.4;91.2
КЦ 1;Группа 1;Operator_015;Месяц 4;6.7;57.4;80.9;86.7
КЦ 1;Группа 1;Operator_016;Месяц 4;9.6;63.7;85.0;99.9
КЦ 1;Группа 2;Operator_017;Месяц 4;7.4;50.2;83.2;75.5
КЦ 1;Группа 2;Operator_018;Месяц 4;6.7;77.2;83.5;68.2
КЦ 1;Группа 2;Operator_019;Месяц 4;9.6;66.4;83.3;85.4
КЦ 1;Группа 2;Operator_020;Месяц 4;10.5;68.6;76.5;97.5
КЦ 1;Группа 2;Operator_021;Месяц 4;7.4;53.2;83.7;95.1
КЦ 1;Группа 2;Operator_022;Месяц 4;14;62.0;84.8;83.8
КЦ 1;Группа 2;Operator_023;Месяц 4;10.1;67.3;77.5;89.8
КЦ 1;Группа 2;Operator_024;Месяц 4;10.3;59.0;78.1;79.3
КЦ 1;Группа 2;Operator_025;Месяц 4;14.4;67.4;81.5;81.3
КЦ 1;Группа 2;Operator_026;Месяц 4;8.9;56.7;77.0;65.9
КЦ 1;Группа 2;Operator_027;Месяц 4;10.2;73.1;76.1;79.9
КЦ 1;Группа 2;Operator_028;Месяц 4;11.8;68.4;82.2;82.7
КЦ 1;Группа 2;Operator_029;Месяц 4;8.5;58.6;77.7;76.2
КЦ 1;Группа 2;Operator_030;Месяц 4;13.2;70.9;83.6;91.8
КЦ 1;Группа 2;Operator_031;Месяц 4;11.8;50.9;78.4;88.8
КЦ 1;Группа 2;Operator_032;Месяц 4;13;61.4;77.1;76.4
КЦ 1;Группа 2;Operator_033;Месяц 4;10.1;72.6;84.5;72.0
КЦ 2;Группа 3;Operator_034;Месяц 4;14.2;78.9;76.1;65.9
КЦ 2;Группа 3;Operator_035;Месяц 4;7.8;79.5;82.8;77.2
КЦ 2;Группа 3;Operator_036;Месяц 4;9.8;79.0;77.7;93.3
КЦ 2;Группа 3;Operator_037;Месяц 4;8;50.9;83.5;71.4
КЦ 2;Группа 3;Operator_038;Месяц 4;14;69.4;79.9;92.8
КЦ 2;Группа 3;Operator_039;Месяц 4;13.3;53.6;76.9;69.2
КЦ 2;Группа 3;Operator_040;Месяц 4;14.9;50.4;80.3;74.6
КЦ 2;Группа 3;Operator_041;Месяц 4;6.6;64.3;83.2;79.0
КЦ 2;Группа 3;Operator_042;Месяц 4;12.3;63.5;79.4;95.1
КЦ 2;Группа 3;Operator_043;Месяц 4;14.8;63.5;80.9;75.2
КЦ 2;Группа 3;Operator_044;Месяц 4;14.1;77.3;83.3;67.5
КЦ 2;Группа 4;Operator_045;Месяц 4;11.6;63.0;78.2;73.8
КЦ 2;Группа 4;Operator_046;Месяц 4;12.7;55.4;80.9;87.2
КЦ 2;Группа 4;Operator_047;Месяц 4;11;59.4;78.2;99.0
КЦ 2;Группа 4;Operator_048;Месяц 4;9.7;77.8;79.4;89.4
КЦ 2;Группа 4;Operator_049;Месяц 4;8.9;65.0;82.2;82.8
КЦ 2;Группа 4;Operator_050;Месяц 4;13.9;78.0;80.1;93.7
КЦ 2;Группа 4;Operator_051;Месяц 4;14.2;70.9;80.7;73.2
КЦ 2;Группа 4;Operator_052;Месяц 4;8.6;76.1;83.7;80.4
КЦ 2;Группа 4;Operator_053;Месяц 4;9.1;75.8;78.8;76.1
КЦ 2;Группа 4;Operator_054;Месяц 4;14.2;63.3;81.9;96.6
КЦ 2;Группа 4;Operator_055;Месяц 4;10.7;77.4;76.4;81.1
КЦ 2;Группа 5;Operator_056;Месяц 4;10.3;75.4;77.0;78.5
КЦ 2;Группа 5;Operator_057;Месяц 4;14.2;68.2;80.0;96.6
КЦ 2;Группа 5;Operator_058;Месяц 4;8.7;59.3;79.4;85.3
КЦ 2;Группа 5;Operator_059;Месяц 4;13.6;64.5;83.1;91.1
КЦ 2;Группа 5;Operator_060;Месяц 4;7.6;66.1;79.5;88.5
КЦ 2;Группа 5;Operator_061;Месяц 4;10;77.3;78.0;79.3
КЦ 2;Группа 5;Operator_062;Месяц 4;9.8;54.6;79.1;68.5
КЦ 2;Группа 5;Operator_063;Месяц 4;13.8;61.9;76.9;69.3
КЦ 2;Группа 5;Operator_064;Месяц 4;14.2;56.5;83.7;76.5
КЦ 2;Группа 5;Operator_065;Месяц 4;14.8;59.7;76.7;66.8
КЦ 2;Группа 5;Operator_066;Месяц 4;10.1;63.7;84.6;67.1
КЦ 3;Группа 6;Operator_067;Месяц 4;12.3;79.8;80.3;80.9
КЦ 3;Группа 6;Operator_068;Месяц 4;10.3;52.9;79.3;88.3
КЦ 3;Группа 6;Operator_069;Месяц 4;11.2;53.7;78.5;88.3
КЦ 3;Группа 6;Operator_070;Месяц 4;14.3;72.9;80.7;93.3
КЦ 3;Группа 6;Operator_071;Месяц 4;12.6;50.2;83.7;84.8
КЦ 3;Группа 6;Operator_072;Месяц 4;7.7;51.6;76.6;86.6
КЦ 3;Группа 6;Operator_073;Месяц 4;7.9;51.4;79.0;86.0
КЦ 3;Группа 6;Operator_074;Месяц 4;14.5;74.2;75.7;95.2
КЦ 3;Группа 6;Operator_075;Месяц 4;6.6;75.0;84.2;68.1
КЦ 3;Группа 6;Operator_076;Месяц 4;11.4;60.5;82.3;93.7
КЦ 3;Группа 6;Operator_077;Месяц 4;7.4;77.7;80.6;87.2
КЦ 3;Группа 6;Operator_078;Месяц 4;8.7;75.0;75.8;95.2
КЦ 3;Группа 6;Operator_079;Месяц 4;7;51.9;76.0;96.5
КЦ 3;Группа 6;Operator_080;Месяц 4;14.9;67.9;82.9;87.7
КЦ 3;Группа 6;Operator_081;Месяц 4;14.9;71.0;78.9;85.8
КЦ 3;Группа 6;Operator_082;Месяц 4;10.1;60.9;76.8;72.5
КЦ 3;Группа 7;Operator_083;Месяц 4;13.2;53.9;78.8;70.7
КЦ 3;Группа 7;Operator_084;Месяц 4;8.2;59.3;83.1;81.4
КЦ 3;Группа 7;Operator_085;Месяц 4;11.4;69.2;83.7;84.4
КЦ 3;Группа 7;Operator_086;Месяц 4;11.6;50.8;75.5;82.6
КЦ 3;Группа 7;Operator_087;Месяц 4;13.5;71.2;79.5;65.2
КЦ 3;Группа 7;Operator_088;Месяц 4;13.2;53.3;84.1;85.9
КЦ 3;Группа 7;Operator_089;Месяц 4;7.3;65.2;84.9;84.4
КЦ 3;Группа 7;Operator_090;Месяц 4;14.9;51.3;80.5;93.5
КЦ 3;Группа 7;Operator_091;Месяц 4;14.1;78.0;80.2;99.6
КЦ 3;Группа 7;Operator_092;Месяц 4;13.8;61.6;84.7;82.4
КЦ 3;Группа 7;Operator_093;Месяц 4;9.2;68.1;79.3;89.1
КЦ 3;Группа 7;Operator_094;Месяц 4;14.8;78.6;76.4;86.3
КЦ 3;Группа 7;Operator_095;Месяц 4;6.6;65.9;79.0;87.7
КЦ 3;Группа 7;Operator_096;Месяц 4;11.1;53.7;83.5;80.8
КЦ 3;Группа 7;Operator_097;Месяц 4;6.8;69.1;82.9;82.8
КЦ 3;Группа 7;Operator_098;Месяц 4;9;71.6;80.3;91.9
КЦ 3;Группа 7;Operator_099;Месяц 4;12.1;77.3;75.6;69.3
КЦ 3;Группа 7;Operator_100;Месяц 4;10.7;66.0;80.0;70.9
КЦ 1;Группа 1;Operator_001;Месяц 5;11.2;63.5;79.2;85.3
КЦ 1;Группа 1;Operator_002;Месяц 5;10.5;69.8;81.5;78.9
КЦ 1;Группа 1;Operator_003;Месяц 5;12.8;74.1;79.8;86.7
КЦ 1;Группа 1;Operator_004;Месяц 5;9.7;64.2;80.3;84.2
КЦ 1;Группа 1;Operator_005;Месяц 5;13.1;71.5;78.5;75.4
КЦ 1;Группа 1;Operator_006;Месяц 5;12.4;60.8;82.1;91.2
КЦ 1;Группа 1;Operator_007;Месяц 5;13.5;68.4;83.5;92.8
КЦ 1;Группа 1;Operator_008;Месяц 5;8.9;58.2;82.9;93.1
КЦ 1;Группа 1;Operator_009;Месяц 5;9.5;72.3;79.4;74.5
КЦ 1;Группа 1;Operator_010;Месяц 5;14.2;59.7;81.8;88.3
КЦ 1;Группа 1;Operator_011;Месяц 5;11.4;66.8;78.9;94.2
КЦ 1;Группа 1;Operator_012;Месяц 5;8.2;64.5;80.7;85.9
КЦ 1;Группа 1;Operator_013;Месяц 5;12.1;75.2;81.2;92.5
КЦ 1;Группа 1;Operator_014;Месяц 5;11.9;77.1;79.1;89.6
КЦ 1;Группа 1;Operator_015;Месяц 5;13.3;70.2;81.4;91.8
КЦ 1;Группа 1;Operator_016;Месяц 5;10.3;69.1;79.9;95.4
КЦ 1;Группа 2;Operator_017;Месяц 5;13.2;59.8;78.9;94.3
КЦ 1;Группа 2;Operator_018;Месяц 5;9.8;75.4;78.1;73.5
КЦ 1;Группа 2;Operator_019;Месяц 5;9.9;61.5;76.8;89.7
КЦ 1;Группа 2;Operator_020;Месяц 5;10.8;57.2;79.5;94.2
КЦ 1;Группа 2;Operator_021;Месяц 5;9.4;76.8;81.9;93.4
КЦ 1;Группа 2;Operator_022;Месяц 5;11.5;71.2;80.8;79.1
КЦ 1;Группа 2;Operator_023;Месяц 5;11.7;56.9;82.9;75.8
КЦ 1;Группа 2;Operator_024;Месяц 5;7.5;74.5;79.4;87.6
КЦ 1;Группа 2;Operator_025;Месяц 5;8.4;62.4;77.9;83.2
КЦ 1;Группа 2;Operator_026;Месяц 5;10.9;59.5;80.9;94.1
КЦ 1;Группа 2;Operator_027;Месяц 5;11.2;67.8;82.1;72.1
КЦ 1;Группа 2;Operator_028;Месяц 5;9.1;75.9;79.2;71.5
КЦ 1;Группа 2;Operator_029;Месяц 5;9.2;69.5;82.6;88.6
КЦ 1;Группа 2;Operator_030;Месяц 5;11.1;57.6;78.8;87.1
КЦ 1;Группа 2;Operator_031;Месяц 5;13.8;53.9;79.9;89.2
КЦ 1;Группа 2;Operator_032;Месяц 5;14;58.8;81.1;73.9
КЦ 1;Группа 2;Operator_033;Месяц 5;11.4;64.7;83.9;91.8
КЦ 2;Группа 3;Operator_034;Месяц 5;11.3;58.2;78.5;85.9
КЦ 2;Группа 3;Operator_035;Месяц 5;10;73.8;83.1;82.4
КЦ 2;Группа 3;Operator_036;Месяц 5;7.2;64.5;79.5;81.2
КЦ 2;Группа 3;Operator_037;Месяц 5;11;67.9;81.2;87.8
КЦ 2;Группа 3;Operator_038;Месяц 5;11.3;76.8;79.8;93.1
КЦ 2;Группа 3;Operator_039;Месяц 5;10.9;60.2;80.6;79.2
КЦ 2;Группа 3;Operator_040;Месяц 5;12.3;75.6;78.5;76.9
КЦ 2;Группа 3;Operator_041;Месяц 5;13.1;69.9;80.9;73.2
КЦ 2;Группа 3;Operator_042;Месяц 5;12.7;71.5;77.2;74.5
КЦ 2;Группа 3;Operator_043;Месяц 5;8.6;62.7;79.9;83.8
КЦ 2;Группа 3;Operator_044;Месяц 5;8.5;74.3;80.7;84.9
КЦ 2;Группа 4;Operator_045;Месяц 5;7.9;62.5;81.2;82.4
КЦ 2;Группа 4;Operator_046;Месяц 5;11.4;76.2;82.1;82.6
КЦ 2;Группа 4;Operator_047;Месяц 5;8.3;56.3;79.9;80.8
КЦ 2;Группа 4;Operator_048;Месяц 5;13.7;68.7;83.5;85.6
КЦ 2;Группа 4;Operator_049;Месяц 5;12.1;76.8;80.2;76.9
КЦ 2;Группа 4;Operator_050;Месяц 5;8.8;72.4;83.5;77.1
КЦ 2;Группа 4;Operator_051;Месяц 5;10.4;62.8;79.6;97.2
КЦ 2;Группа 4;Operator_052;Месяц 5;13.5;54.9;81.1;87.3
КЦ 2;Группа 4;Operator_053;Месяц 5;7.5;67.1;80.9;82.8
КЦ 2;Группа 4;Operator_054;Месяц 5;10.9;76.1;82.5;70.2
КЦ 2;Группа 4;Operator_055;Месяц 5;6.9;77.2;79.2;81.9
КЦ 2;Группа 5;Operator_056;Месяц 5;13.3;61.2;76.7;90.5
КЦ 2;Группа 5;Operator_057;Месяц 5;9.3;60.6;79.5;88.4
КЦ 2;Группа 5;Operator_058;Месяц 5;13.8;77.1;80.1;80.9
КЦ 2;Группа 5;Operator_059;Месяц 5;13.4;56.5;79.8;88.7
КЦ 2;Группа 5;Operator_060;Месяц 5;12.4;57.1;83.2;73.8
КЦ 2;Группа 5;Operator_061;Месяц 5;6.6;70.9;81.9;95.4
КЦ 2;Группа 5;Operator_062;Месяц 5;9.2;75.8;79.2;85.7
КЦ 2;Группа 5;Operator_063;Месяц 5;13.1;65.5;83.2;70.2
КЦ 2;Группа 5;Operator_064;Месяц 5;13.9;67.1;80.4;84.9
КЦ 2;Группа 5;Operator_065;Месяц 5;13.4;74.3;76.6;92.4
КЦ 2;Группа 5;Operator_066;Месяц 5;12.5;69.1;81.3;85.1
КЦ 3;Группа 6;Operator_067;Месяц 5;7;65.5;80.7;85.8
КЦ 3;Группа 6;Operator_068;Месяц 5;8.9;56.8;80.9;92.3
КЦ 3;Группа 6;Operator_069;Месяц 5;11.8;58.1;82.9;71.3
КЦ 3;Группа 6;Operator_070;Месяц 5;13.9;73.2;80.9;96.4
КЦ 3;Группа 6;Operator_071;Месяц 5;13.5;76.5;82.1;89.9
КЦ 3;Группа 6;Operator_072;Месяц 5;8.3;57.9;80.2;70.5
КЦ 3;Группа 6;Operator_073;Месяц 5;8.5;61.8;80.5;85.4
КЦ 3;Группа 6;Operator_074;Месяц 5;10.6;62.4;78.5;73.2
КЦ 3;Группа 6;Operator_075;Месяц 5;10.6;54.2;82.9;92.8
КЦ 3;Группа 6;Operator_076;Месяц 5;9.7;60.7;79.7;86.8
КЦ 3;Группа 6;Operator_077;Месяц 5;9.5;60.5;78.1;75.9
КЦ 3;Группа 6;Operator_078;Месяц 5;13.2;73.1;80.2;74.1
КЦ 3;Группа 6;Operator_079;Месяц 5;12.8;71.8;78.9;84.7
КЦ 3;Группа 6;Operator_080;Месяц 5;11.4;74.7;78.8;75.1
КЦ 3;Группа 6;Operator_081;Месяц 5;10.9;56.2;80.6;78.5
КЦ 3;Группа 6;Operator_082;Месяц 5;10.8;62.7;77.6;90.2
КЦ 3;Группа 7;Operator_083;Месяц 5;9;68.0;78.9;73.8
КЦ 3;Группа 7;Operator_084;Месяц 5;14.5;76.2;81.8;74.8
КЦ 3;Группа 7;Operator_085;Месяц 5;6.9;64.5;83.2;97.1
КЦ 3;Группа 7;Operator_086;Месяц 5;12.2;72.6;82.4;78.9
КЦ 3;Группа 7;Operator_087;Месяц 5;13.3;77.1;79.9;70.1
КЦ 3;Группа 7;Operator_088;Месяц 5;7.6;61.1;82.1;87.7
КЦ 3;Группа 7;Operator_089;Месяц 5;8.4;68.9;78.9;74.0
КЦ 3;Группа 7;Operator_090;Месяц 5;10.8;67.5;80.3;96.9
КЦ 3;Группа 7;Operator_091;Месяц 5;10.3;76.7;78.4;92.7
КЦ 3;Группа 7;Operator_092;Месяц 5;9.1;61.0;81.3;75.6
КЦ 3;Группа 7;Operator_093;Месяц 5;9.7;75.1;79.1;90.7
КЦ 3;Группа 7;Operator_094;Месяц 5;13.6;54.9;82.6;80.8
КЦ 3;Группа 7;Operator_095;Месяц 5;11.5;54.6;77.1;89.8
КЦ 3;Группа 7;Operator_096;Месяц 5;8.4;57.0;81.3;86.1
КЦ 3;Группа 7;Operator_097;Месяц 5;12.7;66.7;77.3;86.5
КЦ 3;Группа 7;Operator_098;Месяц 5;13.2;59.3;77.9;90.3
КЦ 3;Группа 7;Operator_099;Месяц 5;7.9;55.7;83.5;91.0
КЦ 3;Группа 7;Operator_100;Месяц 5;11.2;58.3;79.6;87.4
КЦ 1;Группа 1;Operator_001;Месяц 6;10.8;66.2;80.5;83.8
КЦ 1;Группа 1;Operator_002;Месяц 6;11.3;72.5;79.3;81.2
КЦ 1;Группа 1;Operator_003;Месяц 6;13.4;70.3;82.4;84.5
КЦ 1;Группа 1;Operator_004;Месяц 6;10.4;67.1;78.8;82.1
КЦ 1;Группа 1;Operator_005;Месяц 6;12.7;64.8;80.2;77.3
КЦ 1;Группа 1;Operator_006;Месяц 6;12.9;58.4;83.7;88.9
КЦ 1;Группа 1;Operator_007;Месяц 6;14.1;66.9;84.2;90.5
КЦ 1;Группа 1;Operator_008;Месяц 6;8.4;56.7;81.5;91.7
КЦ 1;Группа 1;Operator_009;Месяц 6;10.2;74.8;78.2;76.8
КЦ 1;Группа 1;Operator_010;Месяц 6;13.8;62.1;82.6;86.9
КЦ 1;Группа 1;Operator_011;Месяц 6;11.6;69.5;79.7;92.8
КЦ 1;Группа 1;Operator_012;Месяц 6;8.7;66.3;81.9;84.3
КЦ 1;Группа 1;Operator_013;Месяц 6;11.8;73.9;80.1;90.9
КЦ 1;Группа 1;Operator_014;Месяц 6;12.5;75.8;78.4;88.1
КЦ 1;Группа 1;Operator_015;Месяц 6;14.3;68.7;82.3;89.7
КЦ 1;Группа 1;Operator_016;Месяц 6;10.6;67.8;80.8;93.6
КЦ 1;Группа 2;Operator_017;Месяц 6;12.6;62.4;79.8;91.9
КЦ 1;Группа 2;Operator_018;Месяц 6;10.4;72.9;79.2;80.2
КЦ 1;Группа 2;Operator_019;Месяц 6;9.1;60.8;77.9;87.5
КЦ 1;Группа 2;Operator_020;Месяц 6;9.5;59.9;80.8;91.8
КЦ 1;Группа 2;Operator_021;Месяц 6;9;74.2;80.5;95.2
КЦ 1;Группа 2;Operator_022;Месяц 6;12.1;68.5;78.9;77.1
КЦ 1;Группа 2;Operator_023;Месяц 6;12.2;59.4;81.2;78.9
КЦ 1;Группа 2;Operator_024;Месяц 6;9.8;72.2;77.8;85.3
КЦ 1;Группа 2;Operator_025;Месяц 6;7.8;65.1;79.5;84.8
КЦ 1;Группа 2;Operator_026;Месяц 6;7.4;58.8;77.4;86.9
КЦ 1;Группа 2;Operator_027;Месяц 6;10.2;71.4;78.3;87.1
КЦ 1;Группа 2;Operator_028;Месяц 6;12.9;73.2;80.9;90.6
КЦ 1;Группа 2;Operator_029;Месяц 6;13.1;60.9;78.9;85.1
КЦ 1;Группа 2;Operator_030;Месяц 6;9.4;55.3;80.3;87.9
КЦ 1;Группа 2;Operator_031;Месяц 6;7.6;75.9;78.1;89.1
КЦ 1;Группа 2;Operator_032;Месяц 6;13.2;54.2;80.1;82.5
КЦ 1;Группа 2;Operator_033;Месяц 6;9.5;56.1;76.8;86.9
КЦ 2;Группа 3;Operator_034;Месяц 6;7.9;60.1;80.9;89.4
КЦ 2;Группа 3;Operator_035;Месяц 6;11.9;56.2;80.7;84.7
КЦ 2;Группа 3;Operator_036;Месяц 6;13.2;72.1;77.5;96.1
КЦ 2;Группа 3;Operator_037;Месяц 6;7.6;73.2;82.1;72.1
КЦ 2;Группа 3;Operator_038;Месяц 6;12.6;61.8;76.7;95.7
КЦ 2;Группа 3;Operator_039;Месяц 6;13.9;67.6;79.1;83.4
КЦ 2;Группа 3;Operator_040;Месяц 6;12.3;74.9;83.5;87.0
КЦ 2;Группа 3;Operator_041;Месяц 6;11.9;68.1;82.5;88.7
КЦ 2;Группа 3;Operator_042;Месяц 6;12.8;62.6;83.7;73.1
КЦ 2;Группа 3;Operator_043;Месяц 6;11.3;75.8;78.8;76.2
КЦ 2;Группа 3;Operator_044;Месяц 6;14.4;75.1;81.6;84.5
КЦ 2;Группа 4;Operator_045;Месяц 6;12.3;57.2;80.5;87.1
КЦ 2;Группа 4;Operator_046;Месяц 6;11.8;77.4;80.4;78.0
КЦ 2;Группа 4;Operator_047;Месяц 6;11.6;73.0;79.8;87.0
КЦ 2;Группа 4;Operator_048;Месяц 6;10.9;65.8;78.5;81.3
КЦ 2;Группа 4;Operator_049;Месяц 6;13;69.8;79.3;72.2
КЦ 2;Группа 4;Operator_050;Месяц 6;13.8;64.9;82.9;86.4
КЦ 2;Группа 4;Operator_051;Месяц 6;14.8;58.2;79.3;80.9
КЦ 2;Группа 4;Operator_052;Месяц 6;12.1;65.1;80.4;91.3
КЦ 2;Группа 4;Operator_053;Месяц 6;7.6;58.1;78.4;96.5
КЦ 2;Группа 4;Operator_054;Месяц 6;13;72.2;82.9;97.5
КЦ 2;Группа 4;Operator_055;Месяц 6;8.4;69.2;79.5;90.3
КЦ 2;Группа 5;Operator_056;Месяц 6;11.5;73.7;78.0;84.1
КЦ 2;Группа 5;Operator_057;Месяц 6;15;62.5;83.5;91.6
КЦ 2;Группа 5;Operator_058;Месяц 6;10.6;72.0;80.6;94.0
КЦ 2;Группа 5;Operator_059;Месяц 6;14.8;57.8;79.2;96.6
КЦ 2;Группа 5;Operator_060;Месяц 6;14.9;73.4;81.0;96.8
КЦ 2;Группа 5;Operator_061;Месяц 6;8;60.5;76.9;93.5
КЦ 2;Группа 5;Operator_062;Месяц 6;10.2;74.1;77.9;84.5
КЦ 2;Группа 5;Operator_063;Месяц 6;12.7;66.8;83.2;92.5
КЦ 2;Группа 5;Operator_064;Месяц 6;13.5;54.2;81.7;77.1
КЦ 2;Группа 5;Operator_065;Месяц 6;14.7;57.5;76.4;75.0
КЦ 2;Группа 5;Operator_066;Месяц 6;10.3;68.9;77.6;86.2
КЦ 3;Группа 6;Operator_067;Месяц 6;7.3;55.8;77.0;84.0
КЦ 3;Группа 6;Operator_068;Месяц 6;14.3;70.5;80.9;76.5
КЦ 3;Группа 6;Operator_069;Месяц 6;8.5;56.3;77.4;88.5
КЦ 3;Группа 6;Operator_070;Месяц 6;9;63.9;79.5;76.6
КЦ 3;Группа 6;Operator_071;Месяц 6;12.9;54.2;83.0;91.6
КЦ 3;Группа 6;Operator_072;Месяц 6;11.8;60.1;80.5;80.6
КЦ 3;Группа 6;Operator_073;Месяц 6;9.9;61.7;81.3;73.1
КЦ 3;Группа 6;Operator_074;Месяц 6;11.6;63.2;76.7;88.6
КЦ 3;Группа 6;Operator_075;Месяц 6;9.4;70.5;80.9;83.4
КЦ 3;Группа 6;Operator_076;Месяц 6;12.9;62.7;79.9;80.3
КЦ 3;Группа 6;Operator_077;Месяц 6;9.4;76.1;80.4;75.2
КЦ 3;Группа 6;Operator_078;Месяц 6;13.6;66.7;79.4;78.4
КЦ 3;Группа 6;Operator_079;Месяц 6;12.9;77.1;82.8;84.5
КЦ 3;Группа 6;Operator_080;Месяц 6;13.8;66.4;78.3;87.1
КЦ 3;Группа 6;Operator_081;Месяц 6;9.8;73.0;82.9;93.2
КЦ 3;Группа 6;Operator_082;Месяц 6;9;73.4;82.1;88.6
КЦ 3;Группа 7;Operator_083;Месяц 6;7.3;78.4;77.5;89.5
КЦ 3;Группа 7;Operator_084;Месяц 6;14.8;65.6;80.6;77.1
КЦ 3;Группа 7;Operator_085;Месяц 6;10.2;62.0;80.2;87.0
КЦ 3;Группа 7;Operator_086;Месяц 6;12.6;61.7;82.9;74.3
КЦ 3;Группа 7;Operator_087;Месяц 6;10.6;78.3;80.3;90.3
КЦ 3;Группа 7;Operator_088;Месяц 6;7.8;69.1;77.6;79.1
КЦ 3;Группа 7;Operator_089;Месяц 6;15;71.7;76.3;83.6
КЦ 3;Группа 7;Operator_090;Месяц 6;8.5;54.2;81.7;81.3
КЦ 3;Группа 7;Operator_091;Месяц 6;14.7;77.5;77.0;95.8
КЦ 3;Группа 7;Operator_092;Месяц 6;11.3;76.7;82.5;80.4
КЦ 3;Группа 7;Operator_093;Месяц 6;11.8;56.1;79.9;91.4
КЦ 3;Группа 7;Operator_094;Месяц 6;7.5;61.6;83.5;95.7
КЦ 3;Группа 7;Operator_095;Месяц 6;12.5;64.9;79.5;89.9
КЦ 3;Группа 7;Operator_096;Месяц 6;10.9;70.1;79.1;78.0
КЦ 3;Группа 7;Operator_097;Месяц 6;11.5;63.0;79.9;71.6
КЦ 3;Группа 7;Operator_098;Месяц 6;10.2;69.9;80.1;90.7
КЦ 3;Группа 7;Operator_099;Месяц 6;11;73.7;79.8;93.2
КЦ 3;Группа 7;Operator_100;Месяц 6;7.9;81.2;82.5;92.2
